name,ingredients,diet,prep_time,cook_time,flavor_profile,course,state,region,ingredient_count,total_time,difficulty,time_category,ingredient_list,search_text
Balu shahi,"Maida flour, yogurt, oil, sugar",vegetarian,45,25,sweet,dessert,west bengal,east,4,70,4.8,slow,"['maida flour', 'yogurt', 'oil', 'sugar']","balu shahi maida flour, yogurt, oil, sugar west bengal sweet"
Boondi,"Gram flour, ghee, sugar",vegetarian,80,30,sweet,dessert,rajasthan,west,3,110,6.5,slow,"['gram flour', 'ghee', 'sugar']","boondi gram flour, ghee, sugar rajasthan sweet"
Gajar ka halwa,"Carrots, milk, sugar, ghee, cashews, raisins",vegetarian,15,60,sweet,dessert,punjab,north,6,75,5.8,slow,"['carrots', 'milk', 'sugar', 'ghee', 'cashews', 'raisins']","gajar ka halwa carrots, milk, sugar, ghee, cashews, raisins punjab sweet"
Ghevar,"Flour, ghee, kewra, milk, clarified butter, sugar, almonds, pistachio, saffron, green cardamom",vegetarian,15,30,sweet,dessert,rajasthan,west,10,45,5.6,medium,"['flour', 'ghee', 'kewra', 'milk', 'clarified butter', 'sugar', 'almonds', 'pistachio', 'saffron', 'green cardamom']","ghevar flour, ghee, kewra, milk, clarified butter, sugar, almonds, pistachio, saffron, green cardamom rajasthan sweet"
Gulab jamun,"Milk powder, plain flour, baking powder, ghee, milk, sugar, water, rose water",vegetarian,15,40,sweet,dessert,west bengal,east,8,55,5.4,medium,"['milk powder', 'plain flour', 'baking powder', 'ghee', 'milk', 'sugar', 'water', 'rose water']","gulab jamun milk powder, plain flour, baking powder, ghee, milk, sugar, water, rose water west bengal sweet"
Imarti,"Sugar syrup, lentil flour",vegetarian,10,50,sweet,dessert,west bengal,east,2,60,3.7,slow,"['sugar syrup', 'lentil flour']","imarti sugar syrup, lentil flour west bengal sweet"
Jalebi,"Maida, corn flour, baking soda, vinegar, curd, water, turmeric, saffron, cardamom",vegetarian,10,50,sweet,dessert,uttar pradesh,north,9,60,6,slow,"['maida', 'corn flour', 'baking soda', 'vinegar', 'curd', 'water', 'turmeric', 'saffron', 'cardamom']","jalebi maida, corn flour, baking soda, vinegar, curd, water, turmeric, saffron, cardamom uttar pradesh sweet"
Kaju katli,"Cashews, ghee, cardamom, sugar",vegetarian,10,20,sweet,dessert,pan-india,multi-regional,4,30,2.8,medium,"['cashews', 'ghee', 'cardamom', 'sugar']","kaju katli cashews, ghee, cardamom, sugar pan-india sweet"
Kalakand,"Milk, cottage cheese, sugar",vegetarian,20,30,sweet,dessert,west bengal,east,3,50,3.5,medium,"['milk', 'cottage cheese', 'sugar']","kalakand milk, cottage cheese, sugar west bengal sweet"
Kheer,"Milk, rice, sugar, dried fruits",vegetarian,10,40,sweet,dessert,pan-india,multi-regional,4,50,3.8,medium,"['milk', 'rice', 'sugar', 'dried fruits']","kheer milk, rice, sugar, dried fruits pan-india sweet"
Laddu,"Gram flour, ghee, sugar",vegetarian,10,40,sweet,dessert,pan-india,multi-regional,3,50,3.5,medium,"['gram flour', 'ghee', 'sugar']","laddu gram flour, ghee, sugar pan-india sweet"
Lassi,"Yogurt, milk, nuts, sugar",vegetarian,5,5,sweet,dessert,punjab,north,4,10,1.8,quick,"['yogurt', 'milk', 'nuts', 'sugar']","lassi yogurt, milk, nuts, sugar punjab sweet"
Nankhatai,"Refined flour, besan, ghee, powdered sugar, yoghurt, green cardamom",vegetarian,20,30,sweet,dessert,pan-india,multi-regional,6,50,4.5,medium,"['refined flour', 'besan', 'ghee', 'powdered sugar', 'yoghurt', 'green cardamom']","nankhatai refined flour, besan, ghee, powdered sugar, yoghurt, green cardamom pan-india sweet"
Petha,"Firm white pumpkin, sugar, kitchen lime, alum powder",vegetarian,10,30,sweet,dessert,uttar pradesh,north,4,40,3.3,medium,"['firm white pumpkin', 'sugar', 'kitchen lime', 'alum powder']","petha firm white pumpkin, sugar, kitchen lime, alum powder uttar pradesh sweet"
Phirni,"Rice, sugar, nuts",vegetarian,30,20,sweet,dessert,odisha,east,3,50,3.5,medium,"['rice', 'sugar', 'nuts']","phirni rice, sugar, nuts odisha sweet"
Rabri,"Condensed milk, sugar, spices, nuts",vegetarian,10,45,sweet,dessert,uttar pradesh,north,4,55,4.1,medium,"['condensed milk', 'sugar', 'spices', 'nuts']","rabri condensed milk, sugar, spices, nuts uttar pradesh sweet"
Sheera,"Semolina, ghee, nuts, milk",vegetarian,10,25,sweet,dessert,maharashtra,west,4,35,3.1,medium,"['semolina', 'ghee', 'nuts', 'milk']","sheera semolina, ghee, nuts, milk maharashtra sweet"
Singori,"Khoa, coconut, molu leaf",vegetarian,10,20,sweet,dessert,uttarakhand,north,3,30,2.5,medium,"['khoa', 'coconut', 'molu leaf']","singori khoa, coconut, molu leaf uttarakhand sweet"
Sohan halwa,"Corn flour, ghee, dry fruits",vegetarian,10,60,sweet,dessert,uttar pradesh,north,3,70,4.5,slow,"['corn flour', 'ghee', 'dry fruits']","sohan halwa corn flour, ghee, dry fruits uttar pradesh sweet"
Sohan papdi,"Gram flour, ghee, sugar, milk, cardamom",vegetarian,10,60,sweet,dessert,maharashtra,west,5,70,5.2,slow,"['gram flour', 'ghee', 'sugar', 'milk', 'cardamom']","sohan papdi gram flour, ghee, sugar, milk, cardamom maharashtra sweet"
Chhena jalebi,"Chhena, sugar, ghee",vegetarian,10,50,sweet,dessert,odisha,east,3,60,4,slow,"['chhena', 'sugar', 'ghee']","chhena jalebi chhena, sugar, ghee odisha sweet"
Chhena kheeri,"Chhena, sugar, milk",vegetarian,10,60,sweet,dessert,odisha,east,3,70,4.5,slow,"['chhena', 'sugar', 'milk']","chhena kheeri chhena, sugar, milk odisha sweet"
Chhena poda,"Sugar, chenna cheese",vegetarian,10,45,sweet,dessert,odisha,east,2,55,3.4,medium,"['sugar', 'chenna cheese']","chhena poda sugar, chenna cheese odisha sweet"
Cham cham,"Flour, cream, sugar, saffron, lemon juice, coconut flakes",vegetarian,40,60,sweet,dessert,west bengal,east,6,100,7,slow,"['flour', 'cream', 'sugar', 'saffron', 'lemon juice', 'coconut flakes']","cham cham flour, cream, sugar, saffron, lemon juice, coconut flakes west bengal sweet"
Kheer sagar,"Chenna, condensed milk, sugar, saffron, cardamom",vegetarian,25,60,sweet,dessert,odisha,east,5,85,5.9,slow,"['chenna', 'condensed milk', 'sugar', 'saffron', 'cardamom']","kheer sagar chenna, condensed milk, sugar, saffron, cardamom odisha sweet"
Ledikeni,"Chhena, sugar, ghee",vegetarian,45,45,sweet,dessert,west bengal,east,3,90,5.5,slow,"['chhena', 'sugar', 'ghee']","ledikeni chhena, sugar, ghee west bengal sweet"
Lyangcha,"Flour, fried milk power, sugar syrup",vegetarian,20,30,sweet,dessert,assam,north east,3,50,3.5,medium,"['flour', 'fried milk power', 'sugar syrup']","lyangcha flour, fried milk power, sugar syrup assam sweet"
Malapua,"Yoghurt, refined flour, ghee, fennel seeds",vegetarian,10,120,sweet,dessert,bihar,north,4,130,7.8,slow,"['yoghurt', 'refined flour', 'ghee', 'fennel seeds']","malapua yoghurt, refined flour, ghee, fennel seeds bihar sweet"
Mihidana,"Besan flour, sugar, ghee",vegetarian,15,30,sweet,dessert,west bengal,east,3,45,3.2,medium,"['besan flour', 'sugar', 'ghee']","mihidana besan flour, sugar, ghee west bengal sweet"
Misti doi,"Milk, jaggery",vegetarian,480,30,sweet,dessert,west bengal,east,2,510,10,slow,"['milk', 'jaggery']","misti doi milk, jaggery west bengal sweet"
Pantua,"Chhena, sugar, ghee, flour",vegetarian,45,45,sweet,dessert,west bengal,east,4,90,5.8,slow,"['chhena', 'sugar', 'ghee', 'flour']","pantua chhena, sugar, ghee, flour west bengal sweet"
Pithe,"Rice flour, wheat flour",vegetarian,15,35,sweet,dessert,assam,north east,2,50,3.2,medium,"['rice flour', 'wheat flour']","pithe rice flour, wheat flour assam sweet"
Rasabali,"Chenna, sweetened milk",vegetarian,15,30,sweet,dessert,odisha,east,2,45,2.9,medium,"['chenna', 'sweetened milk']","rasabali chenna, sweetened milk odisha sweet"
Ras malai,"Chhena, reduced milk, pistachio",vegetarian,180,60,sweet,dessert,west bengal,east,3,240,10,slow,"['chhena', 'reduced milk', 'pistachio']","ras malai chhena, reduced milk, pistachio west bengal sweet"
Rasgulla,"Chhena, sugar, cardamom",vegetarian,10,90,sweet,dessert,west bengal,east,3,100,6,slow,"['chhena', 'sugar', 'cardamom']","rasgulla chhena, sugar, cardamom west bengal sweet"
Sandesh,"Milk, sugar, saffron, cardamom",vegetarian,30,20,sweet,dessert,west bengal,east,4,50,3.8,medium,"['milk', 'sugar', 'saffron', 'cardamom']","sandesh milk, sugar, saffron, cardamom west bengal sweet"
Adhirasam,"Rice flour, jaggery, ghee, vegetable oil, elachi",vegetarian,10,50,sweet,dessert,west bengal,east,5,60,4.7,slow,"['rice flour', 'jaggery', 'ghee', 'vegetable oil', 'elachi']","adhirasam rice flour, jaggery, ghee, vegetable oil, elachi west bengal sweet"
Ariselu,"Rice flour, jaggery, ghee",vegetarian,15,75,sweet,dessert,andhra pradesh,south,3,90,5.5,slow,"['rice flour', 'jaggery', 'ghee']","ariselu rice flour, jaggery, ghee andhra pradesh sweet"
Bandar laddu,"Besan, jaggery, cardamom powder, ghee, cashews and raisins, jaggery syrup, sugar",vegetarian,5,35,sweet,dessert,andhra pradesh,south,7,40,4.3,medium,"['besan', 'jaggery', 'cardamom powder', 'ghee', 'cashews and raisins', 'jaggery syrup', 'sugar']","bandar laddu besan, jaggery, cardamom powder, ghee, cashews and raisins, jaggery syrup, sugar andhra pradesh sweet"
Chikki,"Peanuts, jaggery",vegetarian,10,20,sweet,dessert,maharashtra,west,2,30,2.2,medium,"['peanuts', 'jaggery']","chikki peanuts, jaggery maharashtra sweet"
Dharwad pedha,"Milk, Sugar, Dharwadi buffalo milk",vegetarian,20,60,sweet,dessert,karnataka,south,3,80,5,slow,"['milk', 'sugar', 'dharwadi buffalo milk']","dharwad pedha milk, sugar, dharwadi buffalo milk karnataka sweet"
Double ka meetha,"Loaf bread, milk",vegetarian,20,30,sweet,dessert,telangana,south,2,50,3.2,medium,"['loaf bread', 'milk']","double ka meetha loaf bread, milk telangana sweet"
Gavvalu,"Rice flour, sugar, salt, ghee, semolina",vegetarian,10,30,sweet,dessert,andhra pradesh,south,5,40,3.7,medium,"['rice flour', 'sugar', 'salt', 'ghee', 'semolina']","gavvalu rice flour, sugar, salt, ghee, semolina andhra pradesh sweet"
Kakinada khaja,"Wheat flour, sugar",vegetarian,10,30,sweet,dessert,andhra pradesh,south,2,40,2.7,medium,"['wheat flour', 'sugar']","kakinada khaja wheat flour, sugar andhra pradesh sweet"
Kuzhi paniyaram,"Black lentils, rice",vegetarian,10,20,sweet,dessert,kerala,south,2,30,2.2,medium,"['black lentils', 'rice']","kuzhi paniyaram black lentils, rice kerala sweet"
Mysore pak,"Besan flour, semolina, mung bean, jaggery, coconut, skimmed milk powder, sugar, ghee",vegetarian,5,20,sweet,dessert,karnataka,south,8,25,3.9,quick,"['besan flour', 'semolina', 'mung bean', 'jaggery', 'coconut', 'skimmed milk powder', 'sugar', 'ghee']","mysore pak besan flour, semolina, mung bean, jaggery, coconut, skimmed milk powder, sugar, ghee karnataka sweet"
Obbattu holige,"Maida flour, turmeric, coconut, chickpeas, jaggery, ghee, cardamom",vegetarian,180,60,sweet,main course,karnataka,south,7,240,10,slow,"['maida flour', 'turmeric', 'coconut', 'chickpeas', 'jaggery', 'ghee', 'cardamom']","obbattu holige maida flour, turmeric, coconut, chickpeas, jaggery, ghee, cardamom karnataka sweet"
Palathalikalu,"Rice flour, milk",vegetarian,10,25,sweet,dessert,andhra pradesh,south,2,35,2.4,medium,"['rice flour', 'milk']","palathalikalu rice flour, milk andhra pradesh sweet"
Poornalu,"Chana dal, jaggery",vegetarian,240,60,sweet,dessert,andhra pradesh,south,2,300,10,slow,"['chana dal', 'jaggery']","poornalu chana dal, jaggery andhra pradesh sweet"
Pongal,"Rice, jaggery, cashews, ghee",vegetarian,5,20,sweet,dessert,tamil nadu,south,4,25,2.6,quick,"['rice', 'jaggery', 'cashews', 'ghee']","pongal rice, jaggery, cashews, ghee tamil nadu sweet"
Pootharekulu,"Rice flour, powdered sugar, ghee",vegetarian,10,60,sweet,dessert,andhra pradesh,south,3,70,4.5,slow,"['rice flour', 'powdered sugar', 'ghee']","pootharekulu rice flour, powdered sugar, ghee andhra pradesh sweet"
Qubani ka meetha,"Apricots, sugar syrup",vegetarian,10,20,sweet,dessert,telangana,south,2,30,2.2,medium,"['apricots', 'sugar syrup']","qubani ka meetha apricots, sugar syrup telangana sweet"
Sheer korma,"Vermicelli pudding, milk",vegetarian,10,20,sweet,dessert,telangana,south,2,30,2.2,medium,"['vermicelli pudding', 'milk']","sheer korma vermicelli pudding, milk telangana sweet"
Unni Appam,"Rice flour, banana, jaggery, coconut",vegetarian,10,20,sweet,dessert,tamil nadu,south,4,30,2.8,medium,"['rice flour', 'banana', 'jaggery', 'coconut']","unni appam rice flour, banana, jaggery, coconut tamil nadu sweet"
Kajjikaya,"Rice flour, jaggery, coconut",vegetarian,40,15,sweet,dessert,andhra pradesh,south,3,55,3.8,medium,"['rice flour', 'jaggery', 'coconut']","kajjikaya rice flour, jaggery, coconut andhra pradesh sweet"
Anarsa,"Rice flour, jaggery, khus-khus seeds",vegetarian,10,50,sweet,dessert,maharashtra,west,3,60,4,slow,"['rice flour', 'jaggery', 'khus-khus seeds']","anarsa rice flour, jaggery, khus-khus seeds maharashtra sweet"
Basundi,"Sugar, milk, nuts",vegetarian,10,35,sweet,dessert,gujarat,west,3,45,3.2,medium,"['sugar', 'milk', 'nuts']","basundi sugar, milk, nuts gujarat sweet"
Dhondas,"Cucumber, rava",vegetarian,10,50,sweet,dessert,maharashtra,west,2,60,3.7,slow,"['cucumber', 'rava']","dhondas cucumber, rava maharashtra sweet"
Doodhpak,"Milk, rice, sugar, dry fruits",vegetarian,10,60,sweet,dessert,gujarat,west,4,70,4.8,slow,"['milk', 'rice', 'sugar', 'dry fruits']","doodhpak milk, rice, sugar, dry fruits gujarat sweet"
Mahim halwa,"Semolina, sugar",vegetarian,10,25,sweet,dessert,maharashtra,west,2,35,2.4,medium,"['semolina', 'sugar']","mahim halwa semolina, sugar maharashtra sweet"
Modak,"Rice flour, coconut, jaggery",vegetarian,10,15,sweet,dessert,maharashtra,west,3,25,2.2,quick,"['rice flour', 'coconut', 'jaggery']","modak rice flour, coconut, jaggery maharashtra sweet"
Shankarpali,"Sugar, ghee, maida flour, semolina",vegetarian,10,35,sweet,dessert,maharashtra,west,4,45,3.6,medium,"['sugar', 'ghee', 'maida flour', 'semolina']","shankarpali sugar, ghee, maida flour, semolina maharashtra sweet"
Shrikhand,"Curd, sugar, saffron, cardamom",vegetarian,10,720,sweet,dessert,maharashtra,west,4,730,10,slow,"['curd', 'sugar', 'saffron', 'cardamom']","shrikhand curd, sugar, saffron, cardamom maharashtra sweet"
Sutar feni,"Maida, sugar, ghee",vegetarian,15,55,sweet,dessert,maharashtra,west,3,70,4.5,slow,"['maida', 'sugar', 'ghee']","sutar feni maida, sugar, ghee maharashtra sweet"
Maach Jhol,"Fish, potol, tomato, chillies, ginger, garlic",non vegetarian,10,40,spicy,main course,assam,north east,6,50,4.5,medium,"['fish', 'potol', 'tomato', 'chillies', 'ginger', 'garlic']","maach jhol fish, potol, tomato, chillies, ginger, garlic assam spicy"
Pork Bharta,"Boiled pork, onions, chillies, ginger and garlic",non vegetarian,10,30,spicy,main course,tripura,north east,4,40,3.3,medium,"['boiled pork', 'onions', 'chillies', 'ginger and garlic']","pork bharta boiled pork, onions, chillies, ginger and garlic tripura spicy"
Chak Hao Kheer,"Rice, milk, sugar, cardamom",vegetarian,240,45,sweet,dessert,manipur,north east,4,285,10,slow,"['rice', 'milk', 'sugar', 'cardamom']","chak hao kheer rice, milk, sugar, cardamom manipur sweet"
Galho,"Rice, axone, salt, water, chillies, pork",non vegetarian,5,15,spicy,main course,nagaland,north east,6,20,3,quick,"['rice', 'axone', 'salt', 'water', 'chillies', 'pork']","galho rice, axone, salt, water, chillies, pork nagaland spicy"
Aloo gobi,"Cauliflower, potato, garam masala, turmeric, curry leaves",vegetarian,10,20,spicy,main course,punjab,north,5,30,3.2,medium,"['cauliflower', 'potato', 'garam masala', 'turmeric', 'curry leaves']","aloo gobi cauliflower, potato, garam masala, turmeric, curry leaves punjab spicy"
Aloo tikki,"Rice flour, potato, bread crumbs, garam masala, salt",vegetarian,5,20,spicy,main course,punjab,north,5,25,2.9,quick,"['rice flour', 'potato', 'bread crumbs', 'garam masala', 'salt']","aloo tikki rice flour, potato, bread crumbs, garam masala, salt punjab spicy"
Aloo matar,"Potato, peas, chillies, ginger, garam masala, garlic",vegetarian,5,40,spicy,main course,punjab,north,6,45,4.2,medium,"['potato', 'peas', 'chillies', 'ginger', 'garam masala', 'garlic']","aloo matar potato, peas, chillies, ginger, garam masala, garlic punjab spicy"
Aloo methi,"Potato, fenugreek leaves, chillies, salt, oil",vegetarian,10,40,bitter,main course,punjab,north,5,50,4.2,medium,"['potato', 'fenugreek leaves', 'chillies', 'salt', 'oil']","aloo methi potato, fenugreek leaves, chillies, salt, oil punjab bitter"
Aloo shimla mirch,"Potato, shimla mirch, garam masala, amchur powder, salt",vegetarian,10,40,spicy,main course,punjab,north,5,50,4.2,medium,"['potato', 'shimla mirch', 'garam masala', 'amchur powder', 'salt']","aloo shimla mirch potato, shimla mirch, garam masala, amchur powder, salt punjab spicy"
Bhatura,"Chole, rava, yogurt, plain flour, baking soda",vegetarian,20,20,spicy,main course,punjab,north,5,40,3.7,medium,"['chole', 'rava', 'yogurt', 'plain flour', 'baking soda']","bhatura chole, rava, yogurt, plain flour, baking soda punjab spicy"
Bhindi masala,"Ladies finger, garam masala, kasuri methi, tomatoes, chili powder",vegetarian,20,30,spicy,main course,punjab,north,5,50,4.2,medium,"['ladies finger', 'garam masala', 'kasuri methi', 'tomatoes', 'chili powder']","bhindi masala ladies finger, garam masala, kasuri methi, tomatoes, chili powder punjab spicy"
Biryani,"Chicken thighs, basmati rice, star anise, sweet, green chillies",non vegetarian,30,120,spicy,main course,telangana,south,5,150,9.2,slow,"['chicken thighs', 'basmati rice', 'star anise', 'sweet', 'green chillies']","biryani chicken thighs, basmati rice, star anise, sweet, green chillies telangana spicy"
Butter chicken,"Chicken, greek yogurt, cream, garam masala powder, cashew nuts, butter",non vegetarian,10,35,spicy,main course,nct of delhi,north,6,45,4.2,medium,"['chicken', 'greek yogurt', 'cream', 'garam masala powder', 'cashew nuts', 'butter']","butter chicken chicken, greek yogurt, cream, garam masala powder, cashew nuts, butter nct of delhi spicy"
Chana masala,"Chickpeas, tomato paste, garam masala, ginger, red onion, avocado oil",vegetarian,20,30,spicy,main course,punjab,north,6,50,4.5,medium,"['chickpeas', 'tomato paste', 'garam masala', 'ginger', 'red onion', 'avocado oil']","chana masala chickpeas, tomato paste, garam masala, ginger, red onion, avocado oil punjab spicy"
Chapati,"Whole wheat flour, olive oil, hot water, all purpose flour",vegetarian,10,10,balanced,main course,maharashtra,west,4,20,2.3,quick,"['whole wheat flour', 'olive oil', 'hot water', 'all purpose flour']","chapati whole wheat flour, olive oil, hot water, all purpose flour maharashtra balanced"
Chicken razala,"Chicken, dahi, sesame seeds, garam masala powder, cashew nuts, saffron",non vegetarian,10,35,spicy,main course,west bengal,east,6,45,4.2,medium,"['chicken', 'dahi', 'sesame seeds', 'garam masala powder', 'cashew nuts', 'saffron']","chicken razala chicken, dahi, sesame seeds, garam masala powder, cashew nuts, saffron west bengal spicy"
Chicken Tikka masala,"Naan bread, tomato sauce, skinless chicken breasts, heavy cream, garam masala",non vegetarian,10,50,spicy,main course,punjab,north,5,60,4.7,slow,"['naan bread', 'tomato sauce', 'skinless chicken breasts', 'heavy cream', 'garam masala']","chicken tikka masala naan bread, tomato sauce, skinless chicken breasts, heavy cream, garam masala punjab spicy"
Chicken Tikka,"Chicken, whole wheat bread, rice flour, garam masala powder, whole egg",non vegetarian,120,45,spicy,starter,punjab,north,5,165,9.9,slow,"['chicken', 'whole wheat bread', 'rice flour', 'garam masala powder', 'whole egg']","chicken tikka chicken, whole wheat bread, rice flour, garam masala powder, whole egg punjab spicy"
Chole bhature,"Chole, bhatura, garam masala, bay leaf, cinnamon stick",vegetarian,20,30,spicy,main course,punjab,north,5,50,4.2,medium,"['chole', 'bhatura', 'garam masala', 'bay leaf', 'cinnamon stick']","chole bhature chole, bhatura, garam masala, bay leaf, cinnamon stick punjab spicy"
Daal baati churma,"Moong dal, masoor dal, chana dal, wheat flour, almond",vegetarian,10,90,spicy,main course,rajasthan,west,5,100,6.7,slow,"['moong dal', 'masoor dal', 'chana dal', 'wheat flour', 'almond']","daal baati churma moong dal, masoor dal, chana dal, wheat flour, almond rajasthan spicy"
Daal puri,"Moong dal, garam masala powder, garlic, green chilli, all purpose flour",vegetarian,30,30,spicy,main course,west bengal,east,5,60,4.7,slow,"['moong dal', 'garam masala powder', 'garlic', 'green chilli', 'all purpose flour']","daal puri moong dal, garam masala powder, garlic, green chilli, all purpose flour west bengal spicy"
Dal makhani,"Red kidney beans, urad dal, cream, garam masala, chili powder",vegetarian,10,60,sweet,main course,punjab,north,5,70,5.2,slow,"['red kidney beans', 'urad dal', 'cream', 'garam masala', 'chili powder']","dal makhani red kidney beans, urad dal, cream, garam masala, chili powder punjab sweet"
Dal tadka,"Pigeon peas, garam masala, ginger, red onion, kasuri methi",vegetarian,10,30,spicy,main course,punjab,north,5,40,3.7,medium,"['pigeon peas', 'garam masala', 'ginger', 'red onion', 'kasuri methi']","dal tadka pigeon peas, garam masala, ginger, red onion, kasuri methi punjab spicy"
Dum aloo,"Baby potatoes, garam masala, cashew nuts, kasuri methi, tomatoes",vegetarian,20,50,spicy,main course,jammu  kashmir,north,5,70,5.2,slow,"['baby potatoes', 'garam masala', 'cashew nuts', 'kasuri methi', 'tomatoes']","dum aloo baby potatoes, garam masala, cashew nuts, kasuri methi, tomatoes jammu  kashmir spicy"
Poha,"Beaten rice flakes, potato, curry leaves, green chilies, lemon juice",vegetarian,20,30,spicy,snack,maharashtra,west,5,50,4.2,medium,"['beaten rice flakes', 'potato', 'curry leaves', 'green chilies', 'lemon juice']","poha beaten rice flakes, potato, curry leaves, green chilies, lemon juice maharashtra spicy"
Fara,"Chana dal, whole wheat flour, arhar dal, white urad dal, garam masala powder",vegetarian,10,60,spicy,snack,chhattisgarh,central,5,70,5.2,slow,"['chana dal', 'whole wheat flour', 'arhar dal', 'white urad dal', 'garam masala powder']","fara chana dal, whole wheat flour, arhar dal, white urad dal, garam masala powder chhattisgarh spicy"
Kachori,"Moong dal, rava, garam masala, dough, fennel seeds",vegetarian,30,60,spicy,snack,uttar pradesh,north,5,90,6.2,slow,"['moong dal', 'rava', 'garam masala', 'dough', 'fennel seeds']","kachori moong dal, rava, garam masala, dough, fennel seeds uttar pradesh spicy"
Kadai paneer,"Cottage cheese, bell peppers, gravy, garam masala, cashew nuts",vegetarian,20,30,spicy,main course,punjab,north,5,50,4.2,medium,"['cottage cheese', 'bell peppers', 'gravy', 'garam masala', 'cashew nuts']","kadai paneer cottage cheese, bell peppers, gravy, garam masala, cashew nuts punjab spicy"
Kadhi pakoda,"Besan, garam masala powder, gram flour, ginger, curry leaves",vegetarian,10,60,spicy,main course,haryana,north,5,70,5.2,slow,"['besan', 'garam masala powder', 'gram flour', 'ginger', 'curry leaves']","kadhi pakoda besan, garam masala powder, gram flour, ginger, curry leaves haryana spicy"
Karela bharta,"Bitter gourd, fennel, garam masala powder, chili powder, amchur powder",vegetarian,20,50,bitter,main course,punjab,north,5,70,5.2,slow,"['bitter gourd', 'fennel', 'garam masala powder', 'chili powder', 'amchur powder']","karela bharta bitter gourd, fennel, garam masala powder, chili powder, amchur powder punjab bitter"
Khichdi,"Moong dal, green peas, ginger, tomato, green chili",vegetarian,40,20,spicy,main course,pan-india,multi-regional,5,60,4.7,slow,"['moong dal', 'green peas', 'ginger', 'tomato', 'green chili']","khichdi moong dal, green peas, ginger, tomato, green chili pan-india spicy"
Kofta,"Paneer, potato, cream, corn flour, garam masala",vegetarian,20,40,spicy,main course,uttar pradesh,north,5,60,4.7,slow,"['paneer', 'potato', 'cream', 'corn flour', 'garam masala']","kofta paneer, potato, cream, corn flour, garam masala uttar pradesh spicy"
Kulfi falooda,"Rose syrup, falooda sev, mixed nuts, saffron, sugar",vegetarian,45,25,sweet,dessert,pan-india,multi-regional,5,70,5.2,slow,"['rose syrup', 'falooda sev', 'mixed nuts', 'saffron', 'sugar']","kulfi falooda rose syrup, falooda sev, mixed nuts, saffron, sugar pan-india sweet"
Lauki ke kofte,"Bottle gourd, garam masala powder, gram flour, ginger, chillies",vegetarian,20,40,spicy,main course,uttar pradesh,north,5,60,4.7,slow,"['bottle gourd', 'garam masala powder', 'gram flour', 'ginger', 'chillies']","lauki ke kofte bottle gourd, garam masala powder, gram flour, ginger, chillies uttar pradesh spicy"
Lauki ki subji,"Bottle gourd, coconut oil, garam masala, ginger, green chillies",vegetarian,10,20,spicy,main course,pan-india,multi-regional,5,30,3.2,medium,"['bottle gourd', 'coconut oil', 'garam masala', 'ginger', 'green chillies']","lauki ki subji bottle gourd, coconut oil, garam masala, ginger, green chillies pan-india spicy"
Litti chokha,"Wheat flour, roasted gram flour, tomato, nigella seeds, chilli",vegetarian,45,60,spicy,main course,bihar,north,5,105,6.9,slow,"['wheat flour', 'roasted gram flour', 'tomato', 'nigella seeds', 'chilli']","litti chokha wheat flour, roasted gram flour, tomato, nigella seeds, chilli bihar spicy"
Makki di roti sarson da saag,"Palak, makki atta, mustard green, garam masala, ginger",vegetarian,25,30,spicy,main course,punjab,north,5,55,4.4,medium,"['palak', 'makki atta', 'mustard green', 'garam masala', 'ginger']","makki di roti sarson da saag palak, makki atta, mustard green, garam masala, ginger punjab spicy"
Misi roti,"Whole wheat flour, chickpea flour, green chilies",vegetarian,30,30,spicy,main course,punjab,north,3,60,4,slow,"['whole wheat flour', 'chickpea flour', 'green chilies']","misi roti whole wheat flour, chickpea flour, green chilies punjab spicy"
Mushroom do pyaza,"Mushroom, malai, garam masala, ginger, capsicum",vegetarian,10,30,spicy,main course,punjab,north,5,40,3.7,medium,"['mushroom', 'malai', 'garam masala', 'ginger', 'capsicum']","mushroom do pyaza mushroom, malai, garam masala, ginger, capsicum punjab spicy"
Mushroom matar,"Canned coconut milk, frozen green peas, wild mushrooms, garam masala, tomatoes",vegetarian,10,30,spicy,main course,punjab,north,5,40,3.7,medium,"['canned coconut milk', 'frozen green peas', 'wild mushrooms', 'garam masala', 'tomatoes']","mushroom matar canned coconut milk, frozen green peas, wild mushrooms, garam masala, tomatoes punjab spicy"
Naan,"Whole wheat flour, honey, butter, garlic",vegetarian,60,30,balanced,main course,punjab,north,4,90,5.8,slow,"['whole wheat flour', 'honey', 'butter', 'garlic']","naan whole wheat flour, honey, butter, garlic punjab balanced"
Navrattan korma,"Green beans, potatoes, khus khus, low fat, garam masala powder",vegetarian,25,40,spicy,main course,uttar pradesh,north,5,65,4.9,slow,"['green beans', 'potatoes', 'khus khus', 'low fat', 'garam masala powder']","navrattan korma green beans, potatoes, khus khus, low fat, garam masala powder uttar pradesh spicy"
Palak paneer,"Cottage cheese, palak, cream, garam masala, butter",vegetarian,20,40,spicy,main course,punjab,north,5,60,4.7,slow,"['cottage cheese', 'palak', 'cream', 'garam masala', 'butter']","palak paneer cottage cheese, palak, cream, garam masala, butter punjab spicy"
Paneer butter masala,"Paneer, whipping cream, garam masala, cashew nuts, butter",vegetarian,20,40,spicy,main course,punjab,north,5,60,4.7,slow,"['paneer', 'whipping cream', 'garam masala', 'cashew nuts', 'butter']","paneer butter masala paneer, whipping cream, garam masala, cashew nuts, butter punjab spicy"
Paneer tikka masala,"Paneer, greek yogurt, tandoori masala, cream, bell pepper",vegetarian,20,40,spicy,main course,punjab,north,5,60,4.7,slow,"['paneer', 'greek yogurt', 'tandoori masala', 'cream', 'bell pepper']","paneer tikka masala paneer, greek yogurt, tandoori masala, cream, bell pepper punjab spicy"
Pani puri,"Kala chana, mashed potato, boondi, sev, lemon",vegetarian,15,2,spicy,snack,pan-india,multi-regional,5,17,2.5,quick,"['kala chana', 'mashed potato', 'boondi', 'sev', 'lemon']","pani puri kala chana, mashed potato, boondi, sev, lemon pan-india spicy"
Panjeeri,"Whole wheat flour, musk melon seeds, poppy seeds, edible gum, semolina",vegetarian,10,25,sweet,dessert,uttar pradesh,multi-regional,5,35,3.4,medium,"['whole wheat flour', 'musk melon seeds', 'poppy seeds', 'edible gum', 'semolina']","panjeeri whole wheat flour, musk melon seeds, poppy seeds, edible gum, semolina uttar pradesh sweet"
Papad,"Urad dal, sev, lemon juice, chopped tomatoes",vegetarian,5,5,spicy,snack,pan-india,multi-regional,4,10,1.8,quick,"['urad dal', 'sev', 'lemon juice', 'chopped tomatoes']","papad urad dal, sev, lemon juice, chopped tomatoes pan-india spicy"
Paratha,"Wheat flour, butter, potato, coriander",vegetarian,15,45,spicy,main course,punjab,north,4,60,4.3,slow,"['wheat flour', 'butter', 'potato', 'coriander']","paratha wheat flour, butter, potato, coriander punjab spicy"
Pattor,"Arbi ke patte, sesame seeds, gur, bengal gram flour, imli",vegetarian,10,30,spicy,main course,rajasthan,west,5,40,3.7,medium,"['arbi ke patte', 'sesame seeds', 'gur', 'bengal gram flour', 'imli']","pattor arbi ke patte, sesame seeds, gur, bengal gram flour, imli rajasthan spicy"
Pindi chana,"Fennel, tea bags, tomato, kasuri methi, cinnamon",vegetarian,500,120,spicy,main course,punjab,north,5,620,10,slow,"['fennel', 'tea bags', 'tomato', 'kasuri methi', 'cinnamon']","pindi chana fennel, tea bags, tomato, kasuri methi, cinnamon punjab spicy"
Rajma chaval,"Red kidney beans, garam masala powder, ginger, tomato, mustard oil",vegetarian,15,90,spicy,main course,pan-india,north,5,105,6.9,slow,"['red kidney beans', 'garam masala powder', 'ginger', 'tomato', 'mustard oil']","rajma chaval red kidney beans, garam masala powder, ginger, tomato, mustard oil pan-india spicy"
Rongi,"Garam masala powder, tomato, kasuri methi, cinnamon, mustard oil",vegetarian,10,30,balanced,main course,punjab,north,5,40,3.7,medium,"['garam masala powder', 'tomato', 'kasuri methi', 'cinnamon', 'mustard oil']","rongi garam masala powder, tomato, kasuri methi, cinnamon, mustard oil punjab balanced"
Samosa,"Potatoes, green peas, garam masala, ginger, dough",vegetarian,30,30,spicy,snack,pan-india,multi-regional,5,60,4.7,slow,"['potatoes', 'green peas', 'garam masala', 'ginger', 'dough']","samosa potatoes, green peas, garam masala, ginger, dough pan-india spicy"
Sattu ki roti,"Sattu, atta, dough, filling, mustard oil",vegetarian,10,20,spicy,main course,bihar,north,5,30,3.2,medium,"['sattu', 'atta', 'dough', 'filling', 'mustard oil']","sattu ki roti sattu, atta, dough, filling, mustard oil bihar spicy"
Shahi paneer,"Cottage cheese, malai, garam masala, ginger, tomato",vegetarian,20,40,spicy,main course,punjab,north,5,60,4.7,slow,"['cottage cheese', 'malai', 'garam masala', 'ginger', 'tomato']","shahi paneer cottage cheese, malai, garam masala, ginger, tomato punjab spicy"
Shahi tukra,"Rose water, milk, white bread slices, saffron, almonds",vegetarian,10,30,sweet,dessert,telangana,south,5,40,3.7,medium,"['rose water', 'milk', 'white bread slices', 'saffron', 'almonds']","shahi tukra rose water, milk, white bread slices, saffron, almonds telangana sweet"
Vegetable jalfrezi,"Baby corn, french beans, garam masala, ginger, carrot",vegetarian,10,30,spicy,main course,punjab,north,5,40,3.7,medium,"['baby corn', 'french beans', 'garam masala', 'ginger', 'carrot']","vegetable jalfrezi baby corn, french beans, garam masala, ginger, carrot punjab spicy"
Tandoori Chicken,"Greek yogurt, garam masala, kasuri methi, marinade, mustard oil",non vegetarian,240,30,spicy,main course,punjab,north,5,270,10,slow,"['greek yogurt', 'garam masala', 'kasuri methi', 'marinade', 'mustard oil']","tandoori chicken greek yogurt, garam masala, kasuri methi, marinade, mustard oil punjab spicy"
Tandoori Fish Tikka,"Chickpea flour, biryani masala powder, yogurt, fish fillets, green bell pepper",non vegetarian,240,30,spicy,starter,punjab,north,5,270,10,slow,"['chickpea flour', 'biryani masala powder', 'yogurt', 'fish fillets', 'green bell pepper']","tandoori fish tikka chickpea flour, biryani masala powder, yogurt, fish fillets, green bell pepper punjab spicy"
Attu,"Whole wheat flour, arhar dal, ginger, kala jeera, green chilli",vegetarian,150,25,spicy,snack,andhra pradesh,south,5,175,10,slow,"['whole wheat flour', 'arhar dal', 'ginger', 'kala jeera', 'green chilli']","attu whole wheat flour, arhar dal, ginger, kala jeera, green chilli andhra pradesh spicy"
Avial,"Raw banana, elephant foot yam, long beans, tindora, urad dal",vegetarian,30,45,spicy,main course,kerala,south,5,75,5.4,slow,"['raw banana', 'elephant foot yam', 'long beans', 'tindora', 'urad dal']","avial raw banana, elephant foot yam, long beans, tindora, urad dal kerala spicy"
Bisi bele bath,"Split pigeon peas, chana dal, urad dal, green peas, french beans",vegetarian,30,45,spicy,main course,karnataka,south,5,75,5.4,slow,"['split pigeon peas', 'chana dal', 'urad dal', 'green peas', 'french beans']","bisi bele bath split pigeon peas, chana dal, urad dal, green peas, french beans karnataka spicy"
Currivepillai sadam,"Chana dal, urad dal, fresh coconut, sesame seeds, curry leaves",vegetarian,10,20,spicy,main course,tamil nadu,south,5,30,3.2,medium,"['chana dal', 'urad dal', 'fresh coconut', 'sesame seeds', 'curry leaves']","currivepillai sadam chana dal, urad dal, fresh coconut, sesame seeds, curry leaves tamil nadu spicy"
Dosa,"Chana dal, urad dal, whole urad dal, blend rice, rock salt",vegetarian,360,90,spicy,snack,pan-india,south,5,450,10,slow,"['chana dal', 'urad dal', 'whole urad dal', 'blend rice', 'rock salt']","dosa chana dal, urad dal, whole urad dal, blend rice, rock salt pan-india spicy"
Idiappam,"Rice flour, hot water, grated coconut",vegetarian,120,30,spicy,snack,tamil nadu,south,3,150,8.5,slow,"['rice flour', 'hot water', 'grated coconut']","idiappam rice flour, hot water, grated coconut tamil nadu spicy"
Idli,"Split urad dal, urad dal, idli rice, thick poha, rock salt",vegetarian,360,90,spicy,snack,pan-india,south,5,450,10,slow,"['split urad dal', 'urad dal', 'idli rice', 'thick poha', 'rock salt']","idli split urad dal, urad dal, idli rice, thick poha, rock salt pan-india spicy"
Kanji,"Carrot, yellow mustard, red chilli, black salt",vegetarian,10,45,balanced,snack,kerala,south,4,55,4.1,medium,"['carrot', 'yellow mustard', 'red chilli', 'black salt']","kanji carrot, yellow mustard, red chilli, black salt kerala balanced"
Kaara kozhambu,"Sesame oil, drumstick, tamarind paste, sambar powder, tomato",vegetarian,10,30,spicy,main course,tamil nadu,south,5,40,3.7,medium,"['sesame oil', 'drumstick', 'tamarind paste', 'sambar powder', 'tomato']","kaara kozhambu sesame oil, drumstick, tamarind paste, sambar powder, tomato tamil nadu spicy"
Keerai kootu,"Moong dal, chana dal, spinach, urad dal, coconut oil",vegetarian,20,30,spicy,main course,tamil nadu,south,5,50,4.2,medium,"['moong dal', 'chana dal', 'spinach', 'urad dal', 'coconut oil']","keerai kootu moong dal, chana dal, spinach, urad dal, coconut oil tamil nadu spicy"
Keerai masiyal,"Urad dal, curry leaves, sugar, mustard seeds, spinach",vegetarian,10,30,spicy,main course,tamil nadu,south,5,40,3.7,medium,"['urad dal', 'curry leaves', 'sugar', 'mustard seeds', 'spinach']","keerai masiyal urad dal, curry leaves, sugar, mustard seeds, spinach tamil nadu spicy"
Keerai sadam,"Greens, tomato, mustard seeds, fenugreek seeds",vegetarian,10,20,spicy,main course,tamil nadu,south,4,30,2.8,medium,"['greens', 'tomato', 'mustard seeds', 'fenugreek seeds']","keerai sadam greens, tomato, mustard seeds, fenugreek seeds tamil nadu spicy"
Keerai poriyal,"Amaranth leaves, split urad dal, mustard seeds, grated coconut, red chili",vegetarian,20,30,spicy,main course,tamil nadu,south,5,50,4.2,medium,"['amaranth leaves', 'split urad dal', 'mustard seeds', 'grated coconut', 'red chili']","keerai poriyal amaranth leaves, split urad dal, mustard seeds, grated coconut, red chili tamil nadu spicy"
Beef Fry,"Beef, coconut, garam masala, curry leaves, green chilies, chili powder",non vegetarian,10,60,spicy,main course,kerala,south,6,70,5.5,slow,"['beef', 'coconut', 'garam masala', 'curry leaves', 'green chilies', 'chili powder']","beef fry beef, coconut, garam masala, curry leaves, green chilies, chili powder kerala spicy"
Kootu,"Chana dal, urad dal, potato, beans, peas",vegetarian,10,15,spicy,main course,tamil nadu,south,5,25,2.9,quick,"['chana dal', 'urad dal', 'potato', 'beans', 'peas']","kootu chana dal, urad dal, potato, beans, peas tamil nadu spicy"
Kos kootu,"Moong dal, chana dal, cabbage, tamarind, curry leaves",vegetarian,10,20,spicy,main course,tamil nadu,south,5,30,3.2,medium,"['moong dal', 'chana dal', 'cabbage', 'tamarind', 'curry leaves']","kos kootu moong dal, chana dal, cabbage, tamarind, curry leaves tamil nadu spicy"
Koshambri,"Moong dal, cucumber, curry leaves, green chili, lemon juice",vegetarian,10,20,spicy,main course,karnataka,south,5,30,3.2,medium,"['moong dal', 'cucumber', 'curry leaves', 'green chili', 'lemon juice']","koshambri moong dal, cucumber, curry leaves, green chili, lemon juice karnataka spicy"
Kothamali sadam,"Chana dal, urad dal, gooseberry, raw rice, curry leaves",vegetarian,10,20,spicy,main course,tamil nadu,south,5,30,3.2,medium,"['chana dal', 'urad dal', 'gooseberry', 'raw rice', 'curry leaves']","kothamali sadam chana dal, urad dal, gooseberry, raw rice, curry leaves tamil nadu spicy"
Kuzhakkattai,"Sesame oil, raw rice, jaggery, grated coconut",vegetarian,10,90,spicy,main course,tamil nadu,south,4,100,6.3,slow,"['sesame oil', 'raw rice', 'jaggery', 'grated coconut']","kuzhakkattai sesame oil, raw rice, jaggery, grated coconut tamil nadu spicy"
Kuzhambu,"Pearl onions, urad dal, drumsticks, tomato, curry leaves",vegetarian,5,30,spicy,main course,tamil nadu,south,5,35,3.4,medium,"['pearl onions', 'urad dal', 'drumsticks', 'tomato', 'curry leaves']","kuzhambu pearl onions, urad dal, drumsticks, tomato, curry leaves tamil nadu spicy"
Masala Dosa,"Chana dal, urad dal, potatoes, idli rice, thick poha",vegetarian,360,90,spicy,snack,pan-india,south,5,450,10,slow,"['chana dal', 'urad dal', 'potatoes', 'idli rice', 'thick poha']","masala dosa chana dal, urad dal, potatoes, idli rice, thick poha pan-india spicy"
Pachadi,"Coconut oil, cucumber, curd, curry leaves, mustard seeds",vegetarian,10,25,balanced,main course,pan-india,south,5,35,3.4,medium,"['coconut oil', 'cucumber', 'curd', 'curry leaves', 'mustard seeds']","pachadi coconut oil, cucumber, curd, curry leaves, mustard seeds pan-india balanced"
Paniyaram,"Yogurt, ginger, curry leaves, baking soda, green chilli",vegetarian,10,20,balanced,main course,tamil nadu,south,5,30,3.2,medium,"['yogurt', 'ginger', 'curry leaves', 'baking soda', 'green chilli']","paniyaram yogurt, ginger, curry leaves, baking soda, green chilli tamil nadu balanced"
Papadum,"Lentils, black pepper, vegetable oil",vegetarian,5,5,spicy,snack,kerala,south,3,10,1.5,quick,"['lentils', 'black pepper', 'vegetable oil']","papadum lentils, black pepper, vegetable oil kerala spicy"
Paravannam,"Raw rice,  jaggery, milk",vegetarian,10,30,spicy,main course,kerala,south,3,40,3,medium,"['raw rice', 'jaggery', 'milk']","paravannam raw rice,  jaggery, milk kerala spicy"
Payasam,"Rice, cashew nuts, milk, raisins, sugar",vegetarian,15,30,sweet,dessert,pan-india,south,5,45,3.9,medium,"['rice', 'cashew nuts', 'milk', 'raisins', 'sugar']","payasam rice, cashew nuts, milk, raisins, sugar pan-india sweet"
Paruppu sadam,"Arhar dal, sambar powder, tomato, curry leaves, fennel seeds",vegetarian,10,20,balanced,main course,tamil nadu,south,5,30,3.2,medium,"['arhar dal', 'sambar powder', 'tomato', 'curry leaves', 'fennel seeds']","paruppu sadam arhar dal, sambar powder, tomato, curry leaves, fennel seeds tamil nadu balanced"
Pesarattu,"Green moong beans, rice flour",vegetarian,120,20,spicy,snack,andhra pradesh,south,2,140,7.7,slow,"['green moong beans', 'rice flour']","pesarattu green moong beans, rice flour andhra pradesh spicy"
Poriyal,"Chana dal, urad dal, beans, coconut, mustard",vegetarian,10,30,spicy,main course,tamil nadu,south,5,40,3.7,medium,"['chana dal', 'urad dal', 'beans', 'coconut', 'mustard']","poriyal chana dal, urad dal, beans, coconut, mustard tamil nadu spicy"
Puli sadam,"Urad dal, lemon, tamarind, cooked rice, curry leaves",vegetarian,10,20,balanced,main course,tamil nadu,south,5,30,3.2,medium,"['urad dal', 'lemon', 'tamarind', 'cooked rice', 'curry leaves']","puli sadam urad dal, lemon, tamarind, cooked rice, curry leaves tamil nadu balanced"
Rasam,"Tomato, curry leaves, garlic, mustard seeds, hot water",vegetarian,10,35,spicy,main course,pan-india,south,5,45,3.9,medium,"['tomato', 'curry leaves', 'garlic', 'mustard seeds', 'hot water']","rasam tomato, curry leaves, garlic, mustard seeds, hot water pan-india spicy"
Puttu,"Brown rice flour, sugar, grated coconut",vegetarian,495,40,balanced,main course,kerala,south,3,535,10,slow,"['brown rice flour', 'sugar', 'grated coconut']","puttu brown rice flour, sugar, grated coconut kerala balanced"
Sambar,"Pigeon peas, eggplant, drumsticks, sambar powder, tamarind",vegetarian,20,45,spicy,main course,pan-india,south,5,65,4.9,slow,"['pigeon peas', 'eggplant', 'drumsticks', 'sambar powder', 'tamarind']","sambar pigeon peas, eggplant, drumsticks, sambar powder, tamarind pan-india spicy"
Sandige,"Thin rice flakes, black sesame seeds, curry leaves",vegetarian,120,60,balanced,main course,karnataka,south,3,180,10,slow,"['thin rice flakes', 'black sesame seeds', 'curry leaves']","sandige thin rice flakes, black sesame seeds, curry leaves karnataka balanced"
Sevai,"Sevai, parboiled rice, steamer",vegetarian,120,30,balanced,main course,pan-india,south,3,150,8.5,slow,"['sevai', 'parboiled rice', 'steamer']","sevai sevai, parboiled rice, steamer pan-india balanced"
Thayir sadam,"Urad dal, curd, sesame oil, ginger, curry leaves, mustard seeds",vegetarian,10,20,balanced,main course,tamil nadu,south,6,30,3.5,medium,"['urad dal', 'curd', 'sesame oil', 'ginger', 'curry leaves', 'mustard seeds']","thayir sadam urad dal, curd, sesame oil, ginger, curry leaves, mustard seeds tamil nadu balanced"
Theeyal,"Coconut, whole red beans, masala, sesame oil, tamarind",vegetarian,15,20,balanced,main course,kerala,south,5,35,3.4,medium,"['coconut', 'whole red beans', 'masala', 'sesame oil', 'tamarind']","theeyal coconut, whole red beans, masala, sesame oil, tamarind kerala balanced"
Uttapam,"Chana dal, urad dal, thick poha, tomato, butter",vegetarian,10,20,spicy,snack,pan-india,south,5,30,3.2,medium,"['chana dal', 'urad dal', 'thick poha', 'tomato', 'butter']","uttapam chana dal, urad dal, thick poha, tomato, butter pan-india spicy"
Vada,"Urad dal, ginger, curry leaves, green chilies, black pepper",vegetarian,15,20,spicy,snack,pan-india,south,5,35,3.4,medium,"['urad dal', 'ginger', 'curry leaves', 'green chilies', 'black pepper']","vada urad dal, ginger, curry leaves, green chilies, black pepper pan-india spicy"
Chicken Varuval,"Meat curry powder, chicken chunks, ginger, tomato, cinnamon",non vegetarian,10,35,spicy,main course,tamil nadu,south,5,45,3.9,medium,"['meat curry powder', 'chicken chunks', 'ginger', 'tomato', 'cinnamon']","chicken varuval meat curry powder, chicken chunks, ginger, tomato, cinnamon tamil nadu spicy"
Upma,"Chana dal, urad dal, ginger, curry leaves, sugar",vegetarian,10,20,spicy,snack,pan-india,multi-regional,5,30,3.2,medium,"['chana dal', 'urad dal', 'ginger', 'curry leaves', 'sugar']","upma chana dal, urad dal, ginger, curry leaves, sugar pan-india spicy"
Amti,"Kala masala, arhar dal, curry leaves, mustard seeds, hot water",vegetarian,10,45,spicy,main course,maharashtra,west,5,55,4.4,medium,"['kala masala', 'arhar dal', 'curry leaves', 'mustard seeds', 'hot water']","amti kala masala, arhar dal, curry leaves, mustard seeds, hot water maharashtra spicy"
Zunka,"Gram flour, mustard, garlic, turmeric, red chilli",vegetarian,10,25,spicy,main course,maharashtra,west,5,35,3.4,medium,"['gram flour', 'mustard', 'garlic', 'turmeric', 'red chilli']","zunka gram flour, mustard, garlic, turmeric, red chilli maharashtra spicy"
Kolim Jawla,"Baingan, fish, coconut oil, fresh coconut, ginger",non vegetarian,10,30,spicy,main course,maharashtra,west,5,40,3.7,medium,"['baingan', 'fish', 'coconut oil', 'fresh coconut', 'ginger']","kolim jawla baingan, fish, coconut oil, fresh coconut, ginger maharashtra spicy"
Saath,"Urad dal, potatoes, wheat flour, sooji",vegetarian,20,40,spicy,main course,gujarat,west,4,60,4.3,slow,"['urad dal', 'potatoes', 'wheat flour', 'sooji']","saath urad dal, potatoes, wheat flour, sooji gujarat spicy"
Bajri no rotlo,"Wheat flour, pearl millet flour, hot water",vegetarian,10,10,spicy,main course,gujarat,west,3,20,2,quick,"['wheat flour', 'pearl millet flour', 'hot water']","bajri no rotlo wheat flour, pearl millet flour, hot water gujarat spicy"
Coconut vadi,"Condensed milk, mawa, desiccated coconut, almonds, cashews",vegetarian,20,30,sweet,dessert,maharashtra,west,5,50,4.2,medium,"['condensed milk', 'mawa', 'desiccated coconut', 'almonds', 'cashews']","coconut vadi condensed milk, mawa, desiccated coconut, almonds, cashews maharashtra sweet"
Bhakri,"Jowar flour, sesame seeds",vegetarian,20,25,balanced,main course,maharashtra,west,2,45,2.9,medium,"['jowar flour', 'sesame seeds']","bhakri jowar flour, sesame seeds maharashtra balanced"
Bombil fry,"Bombay duck, malvani masala, rice flour, bombay rava, green chilies",non vegetarian,10,30,spicy,main course,maharashtra,west,5,40,3.7,medium,"['bombay duck', 'malvani masala', 'rice flour', 'bombay rava', 'green chilies']","bombil fry bombay duck, malvani masala, rice flour, bombay rava, green chilies maharashtra spicy"
Chakali,"Rice flour, sesame, plain flour, turmeric, red chilli",vegetarian,10,40,spicy,snack,maharashtra,west,5,50,4.2,medium,"['rice flour', 'sesame', 'plain flour', 'turmeric', 'red chilli']","chakali rice flour, sesame, plain flour, turmeric, red chilli maharashtra spicy"
Chevdo,"Citric acid, fry, raisins, sugar, chana daal",vegetarian,20,30,spicy,snack,gujarat,west,5,50,4.2,medium,"['citric acid', 'fry', 'raisins', 'sugar', 'chana daal']","chevdo citric acid, fry, raisins, sugar, chana daal gujarat spicy"
Chorafali,"Urad dal, bengal gram flour, dried mango, baking soda, black salt",vegetarian,5,15,spicy,snack,gujarat,west,5,20,2.7,quick,"['urad dal', 'bengal gram flour', 'dried mango', 'baking soda', 'black salt']","chorafali urad dal, bengal gram flour, dried mango, baking soda, black salt gujarat spicy"
Copra paak,"Condensed milk, nestle cream, coconut ice, red food coloring, desiccated coconut",vegetarian,20,30,balanced,main course,gujarat,west,5,50,4.2,medium,"['condensed milk', 'nestle cream', 'coconut ice', 'red food coloring', 'desiccated coconut']","copra paak condensed milk, nestle cream, coconut ice, red food coloring, desiccated coconut gujarat balanced"
Daal Dhokli,"Whole wheat flour, dal, kokum, gur, bengal gram flour",vegetarian,20,30,spicy,main course,gujarat,west,5,50,4.2,medium,"['whole wheat flour', 'dal', 'kokum', 'gur', 'bengal gram flour']","daal dhokli whole wheat flour, dal, kokum, gur, bengal gram flour gujarat spicy"
Kutchi dabeli,"Pav, aloo, peanut, pomegranate, star anise",vegetarian,30,10,spicy,snack,gujarat,west,5,40,3.7,medium,"['pav', 'aloo', 'peanut', 'pomegranate', 'star anise']","kutchi dabeli pav, aloo, peanut, pomegranate, star anise gujarat spicy"
Dahi vada,"Urad dal, bhuna chana, garam masala, dates, tamarind",vegetarian,30,30,balanced,snack,maharashtra,west,5,60,4.7,slow,"['urad dal', 'bhuna chana', 'garam masala', 'dates', 'tamarind']","dahi vada urad dal, bhuna chana, garam masala, dates, tamarind maharashtra balanced"
Dalithoy,"Arhar dal, coconut oil, curry leaves, mustard seeds, red chilli",vegetarian,5,20,balanced,main course,maharashtra,west,5,25,2.9,quick,"['arhar dal', 'coconut oil', 'curry leaves', 'mustard seeds', 'red chilli']","dalithoy arhar dal, coconut oil, curry leaves, mustard seeds, red chilli maharashtra balanced"
Dhokla,"Rava, coconut, gram flour, mustard, sesame",vegetarian,10,20,spicy,snack,gujarat,west,5,30,3.2,medium,"['rava', 'coconut', 'gram flour', 'mustard', 'sesame']","dhokla rava, coconut, gram flour, mustard, sesame gujarat spicy"
Dudhi halwa,"Bottle gourd, green, raisins, sugar, clarified butter",vegetarian,15,30,sweet,dessert,gujarat,west,5,45,3.9,medium,"['bottle gourd', 'green', 'raisins', 'sugar', 'clarified butter']","dudhi halwa bottle gourd, green, raisins, sugar, clarified butter gujarat sweet"
Gatta curry,"Yogurt, besan, sauce, garam masala powder, gram flour",vegetarian,10,20,spicy,main course,rajasthan,west,5,30,3.2,medium,"['yogurt', 'besan', 'sauce', 'garam masala powder', 'gram flour']","gatta curry yogurt, besan, sauce, garam masala powder, gram flour rajasthan spicy"
Gud papdi,"Wheat flour, jaggery, clarified butter, sliced almonds",vegetarian,10,20,sweet,dessert,gujarat,west,4,30,2.8,medium,"['wheat flour', 'jaggery', 'clarified butter', 'sliced almonds']","gud papdi wheat flour, jaggery, clarified butter, sliced almonds gujarat sweet"
Ghooghra,"Dry fruits, semolina, all purpose flour",vegetarian,10,30,spicy,snack,gujarat,west,3,40,3,medium,"['dry fruits', 'semolina', 'all purpose flour']","ghooghra dry fruits, semolina, all purpose flour gujarat spicy"
Handwo,"Bottle gourd, chana dal, cabbage, urad dal, toor dal",vegetarian,20,30,spicy,snack,gujarat,west,5,50,4.2,medium,"['bottle gourd', 'chana dal', 'cabbage', 'urad dal', 'toor dal']","handwo bottle gourd, chana dal, cabbage, urad dal, toor dal gujarat spicy"
Halvasan,"Whole wheat rava, chia seed, lemon, edible gum, litre milk",vegetarian,10,30,sweet,dessert,gujarat,west,5,40,3.7,medium,"['whole wheat rava', 'chia seed', 'lemon', 'edible gum', 'litre milk']","halvasan whole wheat rava, chia seed, lemon, edible gum, litre milk gujarat sweet"
Jeera Aloo,"Green chilies, lemon juice, chili powder, boiled potatoes",vegetarian,10,30,spicy,main course,gujarat,west,4,40,3.3,medium,"['green chilies', 'lemon juice', 'chili powder', 'boiled potatoes']","jeera aloo green chilies, lemon juice, chili powder, boiled potatoes gujarat spicy"
Kansar,"Wheat flour, cashews, rapeseed oil",vegetarian,10,40,balanced,main course,gujarat,west,3,50,3.5,medium,"['wheat flour', 'cashews', 'rapeseed oil']","kansar wheat flour, cashews, rapeseed oil gujarat balanced"
Keri no ras,"Mango, sugar",vegetarian,10,10,sour,main course,gujarat,west,2,20,1.7,quick,"['mango', 'sugar']","keri no ras mango, sugar gujarat sour"
Khakhra,"Whole wheat flour, low fat, bengal gram flour",vegetarian,20,40,spicy,snack,gujarat,west,3,60,4,slow,"['whole wheat flour', 'low fat', 'bengal gram flour']","khakhra whole wheat flour, low fat, bengal gram flour gujarat spicy"
Khandvi,"Green chili paste, white sesame seeds, gram flour, curry leaves, green chili",vegetarian,20,45,spicy,snack,gujarat,west,5,65,4.9,slow,"['green chili paste', 'white sesame seeds', 'gram flour', 'curry leaves', 'green chili']","khandvi green chili paste, white sesame seeds, gram flour, curry leaves, green chili gujarat spicy"
Kombdi vade,"Rice flour, urad dal, wheat flour, gram flour, turmeric",vegetarian,10,25,spicy,snack,maharashtra,west,5,35,3.4,medium,"['rice flour', 'urad dal', 'wheat flour', 'gram flour', 'turmeric']","kombdi vade rice flour, urad dal, wheat flour, gram flour, turmeric maharashtra spicy"
Laapsi,"Cinnamon, jaggery, clarified butter, dry roasted",vegetarian,10,40,spicy,main course,madhya pradesh,central,4,50,3.8,medium,"['cinnamon', 'jaggery', 'clarified butter', 'dry roasted']","laapsi cinnamon, jaggery, clarified butter, dry roasted madhya pradesh spicy"
Koshimbir,"Cucumber, carrot, tomatoes, cilantro",vegetarian,10,10,spicy,main course,maharashtra,west,4,20,2.3,quick,"['cucumber', 'carrot', 'tomatoes', 'cilantro']","koshimbir cucumber, carrot, tomatoes, cilantro maharashtra spicy"
Methi na Gota,"Rava, gram flour, lemon juice, turmeric, fenugreek leaves",vegetarian,15,30,bitter,main course,gujarat,west,5,45,3.9,medium,"['rava', 'gram flour', 'lemon juice', 'turmeric', 'fenugreek leaves']","methi na gota rava, gram flour, lemon juice, turmeric, fenugreek leaves gujarat bitter"
Mohanthal,"Rose water, pistachio, badam, bengal gram flour, saffron",vegetarian,5,45,sweet,dessert,gujarat,west,5,50,4.2,medium,"['rose water', 'pistachio', 'badam', 'bengal gram flour', 'saffron']","mohanthal rose water, pistachio, badam, bengal gram flour, saffron gujarat sweet"
Muthiya,"Bottle gourd, whole wheat flour, rava, sesame seeds, bengal gram flour",vegetarian,15,30,bitter,snack,gujarat,west,5,45,3.9,medium,"['bottle gourd', 'whole wheat flour', 'rava', 'sesame seeds', 'bengal gram flour']","muthiya bottle gourd, whole wheat flour, rava, sesame seeds, bengal gram flour gujarat bitter"
Patra,"Arbi ke patte, sesame seeds, gur, bengal gram flour, imli",vegetarian,10,40,spicy,snack,gujarat,west,5,50,4.2,medium,"['arbi ke patte', 'sesame seeds', 'gur', 'bengal gram flour', 'imli']","patra arbi ke patte, sesame seeds, gur, bengal gram flour, imli gujarat spicy"
Pav Bhaji,"Pav bhaji masala, gobi, potatoes, green peas, dinner rolls",vegetarian,20,40,spicy,main course,maharashtra,west,5,60,4.7,slow,"['pav bhaji masala', 'gobi', 'potatoes', 'green peas', 'dinner rolls']","pav bhaji pav bhaji masala, gobi, potatoes, green peas, dinner rolls maharashtra spicy"
Puri Bhaji,"Aloo, urad dal, mustard, ginger, curry leaves",vegetarian,10,30,spicy,main course,maharashtra,west,5,40,3.7,medium,"['aloo', 'urad dal', 'mustard', 'ginger', 'curry leaves']","puri bhaji aloo, urad dal, mustard, ginger, curry leaves maharashtra spicy"
Sabudana Khichadi,"Raw peanuts, sabudana, lemon, avocado oil, curry leaves, green chili",vegetarian,70,30,spicy,snack,maharashtra,west,6,100,7,slow,"['raw peanuts', 'sabudana', 'lemon', 'avocado oil', 'curry leaves', 'green chili']","sabudana khichadi raw peanuts, sabudana, lemon, avocado oil, curry leaves, green chili maharashtra spicy"
Sev khamani,"Khaman, pomegranate, sev, powdered sugar, garlic",vegetarian,20,30,spicy,main course,gujarat,west,5,50,4.2,medium,"['khaman', 'pomegranate', 'sev', 'powdered sugar', 'garlic']","sev khamani khaman, pomegranate, sev, powdered sugar, garlic gujarat spicy"
Sev tameta,"Sev, ginger, tomato, sugar",vegetarian,20,30,spicy,main course,gujarat,west,4,50,3.8,medium,"['sev', 'ginger', 'tomato', 'sugar']","sev tameta sev, ginger, tomato, sugar gujarat spicy"
Namakpara,"Wheat flour, baking soda, all purpose flour, black pepper, sunflower oil",vegetarian,10,35,spicy,snack,gujarat,west,5,45,3.9,medium,"['wheat flour', 'baking soda', 'all purpose flour', 'black pepper', 'sunflower oil']","namakpara wheat flour, baking soda, all purpose flour, black pepper, sunflower oil gujarat spicy"
Sukhdi,"Whole wheat flour, gur, clarified butter",vegetarian,10,20,sweet,dessert,maharashtra,west,3,30,2.5,medium,"['whole wheat flour', 'gur', 'clarified butter']","sukhdi whole wheat flour, gur, clarified butter maharashtra sweet"
Surnoli,"Rice flakes, yogurt, raw rice, jaggery, grated coconut",vegetarian,60,10,spicy,snack,maharashtra,west,5,70,5.2,slow,"['rice flakes', 'yogurt', 'raw rice', 'jaggery', 'grated coconut']","surnoli rice flakes, yogurt, raw rice, jaggery, grated coconut maharashtra spicy"
Thalipeeth,"Whole wheat flour, rice flour, pearl millet flour, sorghum flour, sesame seeds",vegetarian,25,30,spicy,main course,maharashtra,west,5,55,4.4,medium,"['whole wheat flour', 'rice flour', 'pearl millet flour', 'sorghum flour', 'sesame seeds']","thalipeeth whole wheat flour, rice flour, pearl millet flour, sorghum flour, sesame seeds maharashtra spicy"
Undhiyu,"Sweet potato, surti papdi, baby potatoes, valor papdi, green peas",vegetarian,25,60,spicy,main course,gujarat,west,5,85,5.9,slow,"['sweet potato', 'surti papdi', 'baby potatoes', 'valor papdi', 'green peas']","undhiyu sweet potato, surti papdi, baby potatoes, valor papdi, green peas gujarat spicy"
Veg Kolhapuri,"Gobi, potato, beans, khus khus, coconut",vegetarian,20,30,spicy,main course,maharashtra,west,5,50,4.2,medium,"['gobi', 'potato', 'beans', 'khus khus', 'coconut']","veg kolhapuri gobi, potato, beans, khus khus, coconut maharashtra spicy"
Vindaloo,"Chicken, coconut oil, wine vinegar, ginger, green, cinnamon",non vegetarian,10,40,spicy,main course,goa,west,6,50,4.5,medium,"['chicken', 'coconut oil', 'wine vinegar', 'ginger', 'green', 'cinnamon']","vindaloo chicken, coconut oil, wine vinegar, ginger, green, cinnamon goa spicy"
Lilva Kachori,"Green garlic chutney, fresh green peas, ginger, lemon juice, plain flour",vegetarian,30,6,spicy,snack,gujarat,west,5,36,3.5,medium,"['green garlic chutney', 'fresh green peas', 'ginger', 'lemon juice', 'plain flour']","lilva kachori green garlic chutney, fresh green peas, ginger, lemon juice, plain flour gujarat spicy"
Mag Dhokli,"Moong beans, jaggery, red chillies, oil, salt",vegetarian,10,30,spicy,snack,gujarat,west,5,40,3.7,medium,"['moong beans', 'jaggery', 'red chillies', 'oil', 'salt']","mag dhokli moong beans, jaggery, red chillies, oil, salt gujarat spicy"
Khichu,"Rice flour, sesame seeds, baking soda, peanut oil",vegetarian,5,10,spicy,snack,gujarat,west,4,15,2.1,quick,"['rice flour', 'sesame seeds', 'baking soda', 'peanut oil']","khichu rice flour, sesame seeds, baking soda, peanut oil gujarat spicy"
Thepla,"Chickpea flour, methi leaves, jowar flour, wheat flour",vegetarian,15,30,spicy,snack,gujarat,west,4,45,3.6,medium,"['chickpea flour', 'methi leaves', 'jowar flour', 'wheat flour']","thepla chickpea flour, methi leaves, jowar flour, wheat flour gujarat spicy"
Farsi Puri,"Semolina, clarified butter, oil, white flour, black pepper",vegetarian,10,30,balanced,snack,gujarat,west,5,40,3.7,medium,"['semolina', 'clarified butter', 'oil', 'white flour', 'black pepper']","farsi puri semolina, clarified butter, oil, white flour, black pepper gujarat balanced"
Khaman,"Yogurt, fresh coconut, sesame seeds, semolina, gram flour",vegetarian,10,20,spicy,snack,gujarat,west,5,30,3.2,medium,"['yogurt', 'fresh coconut', 'sesame seeds', 'semolina', 'gram flour']","khaman yogurt, fresh coconut, sesame seeds, semolina, gram flour gujarat spicy"
Turiya Patra Vatana sabji,"Ridge gourd, baking soda, sugar, grated coconut, peas",vegetarian,35,40,spicy,main course,gujarat,west,5,75,5.4,slow,"['ridge gourd', 'baking soda', 'sugar', 'grated coconut', 'peas']","turiya patra vatana sabji ridge gourd, baking soda, sugar, grated coconut, peas gujarat spicy"
Churma Ladoo,"Whole wheat flour, khus khus, sesame seeds, dry coconut, gur",vegetarian,12,40,sweet,dessert,rajasthan,west,5,52,4.3,medium,"['whole wheat flour', 'khus khus', 'sesame seeds', 'dry coconut', 'gur']","churma ladoo whole wheat flour, khus khus, sesame seeds, dry coconut, gur rajasthan sweet"
Cheera Doi,"Rice, mango, curd",vegetarian,10,30,sweet,dessert,west bengal,east,3,40,3,medium,"['rice', 'mango', 'curd']","cheera doi rice, mango, curd west bengal sweet"
Gheela Pitha,"Sticky rice, rice flour, jaggery, orange rind",vegetarian,10,30,sweet,dessert,assam,north east,4,40,3.3,medium,"['sticky rice', 'rice flour', 'jaggery', 'orange rind']","gheela pitha sticky rice, rice flour, jaggery, orange rind assam sweet"
Khar,"Raw papaya, panch phoran masala, nigella seeds, mustard oil, fennel seeds",vegetarian,10,20,balanced,main course,assam,north east,5,30,3.2,medium,"['raw papaya', 'panch phoran masala', 'nigella seeds', 'mustard oil', 'fennel seeds']","khar raw papaya, panch phoran masala, nigella seeds, mustard oil, fennel seeds assam balanced"
Kumol Sawul,"Rice, eggs, carrot, beetroot",non vegetarian,10,30,spicy,main course,assam,north east,4,40,3.3,medium,"['rice', 'eggs', 'carrot', 'beetroot']","kumol sawul rice, eggs, carrot, beetroot assam spicy"
Luchi,"Maida, vegetable oil",vegetarian,20,30,balanced,main course,west bengal,east,2,50,3.2,medium,"['maida', 'vegetable oil']","luchi maida, vegetable oil west bengal balanced"
Alu Pitika,"Potatoes, mustard oil, fish, green chillies",non vegetarian,5,20,spicy,main course,assam,north east,4,25,2.6,quick,"['potatoes', 'mustard oil', 'fish', 'green chillies']","alu pitika potatoes, mustard oil, fish, green chillies assam spicy"
Masor tenga,"Ridge gourd, fish, lemon, tomatoes, mustard oil",non vegetarian,15,25,spicy,main course,assam,north east,5,40,3.7,medium,"['ridge gourd', 'fish', 'lemon', 'tomatoes', 'mustard oil']","masor tenga ridge gourd, fish, lemon, tomatoes, mustard oil assam spicy"
Bengena Pitika,"Brinjal, onions, salt, sesame seeds, coriander",vegetarian,10,30,balanced,main course,assam,north east,5,40,3.7,medium,"['brinjal', 'onions', 'salt', 'sesame seeds', 'coriander']","bengena pitika brinjal, onions, salt, sesame seeds, coriander assam balanced"
Bilahi Maas,"Potatoes, garam masala, tomatoes, mustard oil, bay leaf",non vegetarian,10,20,balanced,main course,assam,north east,5,30,3.2,medium,"['potatoes', 'garam masala', 'tomatoes', 'mustard oil', 'bay leaf']","bilahi maas potatoes, garam masala, tomatoes, mustard oil, bay leaf assam balanced"
Black rice,"Forbidden black rice, chicken, olive oil, slivered almonds, garlic powder",non vegetarian,10,30,balanced,main course,manipur,north east,5,40,3.7,medium,"['forbidden black rice', 'chicken', 'olive oil', 'slivered almonds', 'garlic powder']","black rice forbidden black rice, chicken, olive oil, slivered almonds, garlic powder manipur balanced"
Bora Sawul,"Biryani masala, mixed vegetables, yellow moong daal, whole red, mustard seeds",vegetarian,10,30,spicy,main course,assam,north east,5,40,3.7,medium,"['biryani masala', 'mixed vegetables', 'yellow moong daal', 'whole red', 'mustard seeds']","bora sawul biryani masala, mixed vegetables, yellow moong daal, whole red, mustard seeds assam spicy"
Brown Rice,"Brown rice, soy sauce, olive oil",vegetarian,15,25,balanced,main course,pan-india,multi-regional,3,40,3,medium,"['brown rice', 'soy sauce', 'olive oil']","brown rice brown rice, soy sauce, olive oil pan-india balanced"
Chingri malai curry,"Coconut milk, lobster, fresh green chilli, ginger, red onion",non vegetarian,10,40,spicy,main course,west bengal,east,5,50,4.2,medium,"['coconut milk', 'lobster', 'fresh green chilli', 'ginger', 'red onion']","chingri malai curry coconut milk, lobster, fresh green chilli, ginger, red onion west bengal spicy"
Goja,"Baking soda, clarified butter, oil, all purpose flour",vegetarian,20,60,sweet,dessert,west bengal,east,4,80,5.3,slow,"['baking soda', 'clarified butter', 'oil', 'all purpose flour']","goja baking soda, clarified butter, oil, all purpose flour west bengal sweet"
Hando Guri,"Jaggery, raisins",vegetarian,10,30,sweet,dessert,assam,north east,2,40,2.7,medium,"['jaggery', 'raisins']","hando guri jaggery, raisins assam sweet"
Haq Maas,"Lamb, garam masala powder, curd, turmeric, bay leaf",non vegetarian,20,40,spicy,main course,assam,north east,5,60,4.7,slow,"['lamb', 'garam masala powder', 'curd', 'turmeric', 'bay leaf']","haq maas lamb, garam masala powder, curd, turmeric, bay leaf assam spicy"
Chingri Bhape,"Coconut, prawns, curd, mustard seed, green chili",non vegetarian,15,30,balanced,main course,west bengal,east,5,45,3.9,medium,"['coconut', 'prawns', 'curd', 'mustard seed', 'green chili']","chingri bhape coconut, prawns, curd, mustard seed, green chili west bengal balanced"
Kabiraji,"Fish fillet, besan, lemon, mint, ginger",non vegetarian,10,30,spicy,main course,west bengal,east,5,40,3.7,medium,"['fish fillet', 'besan', 'lemon', 'mint', 'ginger']","kabiraji fish fillet, besan, lemon, mint, ginger west bengal spicy"
Khorisa,"Fermented bamboo shoot, potato, ginger, green, mustard oil",vegetarian,10,30,spicy,main course,assam,north east,5,40,3.7,medium,"['fermented bamboo shoot', 'potato', 'ginger', 'green', 'mustard oil']","khorisa fermented bamboo shoot, potato, ginger, green, mustard oil assam spicy"
Koldil Chicken,"Banana flower, chicken, green chili, mustard oil, lemon juice",non vegetarian,10,30,spicy,main course,assam,north east,5,40,3.7,medium,"['banana flower', 'chicken', 'green chili', 'mustard oil', 'lemon juice']","koldil chicken banana flower, chicken, green chili, mustard oil, lemon juice assam spicy"
Konir Dom,"Aloo, tomatoes, mustard oil, bay leaf, cinnamon stick",non vegetarian,10,30,spicy,main course,assam,north east,5,40,3.7,medium,"['aloo', 'tomatoes', 'mustard oil', 'bay leaf', 'cinnamon stick']","konir dom aloo, tomatoes, mustard oil, bay leaf, cinnamon stick assam spicy"
Koldil Duck,"Rice flour, mutton, banana, gram flour, olive oil, baking powder",non vegetarian,10,30,spicy,main course,assam,north east,6,40,4,medium,"['rice flour', 'mutton', 'banana', 'gram flour', 'olive oil', 'baking powder']","koldil duck rice flour, mutton, banana, gram flour, olive oil, baking powder assam spicy"
Masor Koni,"Fish roe, pumpkin flowers, mustard oil, turmeric, tomato",non vegetarian,10,30,spicy,main course,assam,north east,5,40,3.7,medium,"['fish roe', 'pumpkin flowers', 'mustard oil', 'turmeric', 'tomato']","masor koni fish roe, pumpkin flowers, mustard oil, turmeric, tomato assam spicy"
Mishti Chholar Dal,"Chana dal, fresh coconut, ginger, cinnamon, raisins",vegetarian,10,30,sweet,main course,west bengal,east,5,40,3.7,medium,"['chana dal', 'fresh coconut', 'ginger', 'cinnamon', 'raisins']","mishti chholar dal chana dal, fresh coconut, ginger, cinnamon, raisins west bengal sweet"
Pakhala,"Curd, cooked rice, curry leaves, dry chilli",vegetarian,10,30,balanced,main course,odisha,east,4,40,3.3,medium,"['curd', 'cooked rice', 'curry leaves', 'dry chilli']","pakhala curd, cooked rice, curry leaves, dry chilli odisha balanced"
Pani Pitha,"Tea leaves, white sesame seeds, dry coconut, soaked rice",vegetarian,10,20,balanced,main course,assam,north east,4,30,2.8,medium,"['tea leaves', 'white sesame seeds', 'dry coconut', 'soaked rice']","pani pitha tea leaves, white sesame seeds, dry coconut, soaked rice assam balanced"
Payokh,"Basmati rice, rose water, sugar, clarified butter, cardamom pods",vegetarian,10,30,sweet,dessert,assam,north east,5,40,3.7,medium,"['basmati rice', 'rose water', 'sugar', 'clarified butter', 'cardamom pods']","payokh basmati rice, rose water, sugar, clarified butter, cardamom pods assam sweet"
Prawn malai curry,"Coconut milk, prawns, garlic, turmeric, sugar",non vegetarian,15,50,spicy,main course,west bengal,east,5,65,4.9,slow,"['coconut milk', 'prawns', 'garlic', 'turmeric', 'sugar']","prawn malai curry coconut milk, prawns, garlic, turmeric, sugar west bengal spicy"
Red Rice,"Red pepper, red onion, butter, watercress, olive oil",vegetarian,10,30,balanced,main course,pan-india,multi-regional,5,40,3.7,medium,"['red pepper', 'red onion', 'butter', 'watercress', 'olive oil']","red rice red pepper, red onion, butter, watercress, olive oil pan-india balanced"
Shukto,"Green beans, bitter gourd, ridge gourd, banana, brinjal",vegetarian,10,20,spicy,main course,west bengal,east,5,30,3.2,medium,"['green beans', 'bitter gourd', 'ridge gourd', 'banana', 'brinjal']","shukto green beans, bitter gourd, ridge gourd, banana, brinjal west bengal spicy"
Til Pitha,"Glutinous rice, black sesame seeds, gur",vegetarian,5,30,sweet,dessert,assam,north east,3,35,2.8,medium,"['glutinous rice', 'black sesame seeds', 'gur']","til pitha glutinous rice, black sesame seeds, gur assam sweet"
Bebinca,"Coconut milk, egg yolks, clarified butter, all purpose flour",vegetarian,20,60,sweet,dessert,goa,west,4,80,5.3,slow,"['coconut milk', 'egg yolks', 'clarified butter', 'all purpose flour']","bebinca coconut milk, egg yolks, clarified butter, all purpose flour goa sweet"
Shufta,"Cottage cheese, dry dates, dried rose petals, pistachio, badam",vegetarian,10,30,sweet,dessert,jammu  kashmir,north,5,40,3.7,medium,"['cottage cheese', 'dry dates', 'dried rose petals', 'pistachio', 'badam']","shufta cottage cheese, dry dates, dried rose petals, pistachio, badam jammu  kashmir sweet"
Mawa Bati,"Milk powder, dry fruits, arrowroot powder, all purpose flour",vegetarian,20,45,sweet,dessert,madhya pradesh,central,4,65,4.6,slow,"['milk powder', 'dry fruits', 'arrowroot powder', 'all purpose flour']","mawa bati milk powder, dry fruits, arrowroot powder, all purpose flour madhya pradesh sweet"
Pinaca,"Brown rice, fennel seeds, grated coconut, black pepper, ginger powder",vegetarian,10,30,sweet,dessert,goa,west,5,40,3.7,medium,"['brown rice', 'fennel seeds', 'grated coconut', 'black pepper', 'ginger powder']","pinaca brown rice, fennel seeds, grated coconut, black pepper, ginger powder goa sweet"
